header,statement,answers
" 
A  atmosfera  terrestre  é  composta  pelos  gases 
nitrogênio (N2) e oxigênio (O2), que somam cerca de 99%, 
e por gases traços, entre eles o gás carbônico (CO2), vapor 
de água (H2O), metano (CH4), ozônio (O3) e o óxido nitroso 
(N2O), que compõem o restante 1% do ar que respiramos. 
Os  gases  traços,  por  serem  constituídos  por  pelo  menos 
três  átomos,  conseguem  absorver  o  calor  irradiado  pela 
Terra, aquecendo o planeta. Esse fenômeno, que acontece 
há bilhões de anos, é chamado de efeito estufa. A partir da 
Revolução  Industrial  (século  XIX),  a  concentração  de 
gases  traços  na  atmosfera,  em  particular  o CO2,  tem aumentado significativamente, o que resultou no aumento 
da  temperatura  em  escala  global.  Mais  recentemente, 
outro fator tornou-se diretamente envolvido no aumento da 
concentração de CO2 na atmosfera: o desmatamento.  


BROWN, I. F.; ALECHANDRE, A. S. Conceitos básicos sobre clima,  
carbono, florestas e comunidades. A.G. Moreira & S.  
Schwartzman. As mudanças climáticas globais e os  
ecossistemas brasileiros. Brasília: Instituto de Pesquisa 
Ambiental da Amazônia, 2000 (adaptado). 
","
Considerando  o texto,  uma  alternativa  viável  para 
combater o efeito estufa é 
",
"Analise a figura

Disponível em: http//www.alcoologia.net. Acesso em: 15 jul. 2009 (adaptado). 
","
Supondo  que  seja  necessário  dar  um  título  para  essa figura,  a  alternativa  que  melhor  traduziria  o  processo representado seria: 
",
"Estima-se  que  haja  atualmente  no  mundo  40 
milhões de pessoas infectadas pelo HIV (o vírus que causa 
a  AIDS),  sendo  que  as taxas  de  novas 
infecções 
continuam  crescendo,  principalmente  na  África,  Ásia  e 
Rússia. Nesse cenário de pandemia, uma vacina contra o 
HIV  teria  imenso  impacto,  pois  salvaria  milhões  de  vidas. 
Certamente  seria  um  marco  na  história  planetária  e 
também  uma  esperança  para  as  populações  carentes  de 
tratamento antiviral e de acompanhamento médico. 
TANURI, A.; FERREIRA JUNIOR, O. C. Vacina contra Aids: desafios e esperanças. Ciência 
Hoje (44) 26, 2009 (adaptado). 
","
Uma vacina eficiente contra o HIV deveria 
",
"  
Em um experimento, preparou-se um conjunto de plantas  por  técnica  de  clonagem  a  partir  de  uma  planta original  que  apresentava  folhas  verdes.  Esse  conjunto  foi dividido  em  dois  grupos,  que  foram  tratados  de  maneira idêntica, com exceção das condições de iluminação, sendo um  grupo  exposto  a  ciclos  de  iluminação  solar  natural  e outro  mantido  no  escuro.  Após  alguns  dias,  observou-se que o grupo exposto à luz apresentava folhas verdes como a planta original e o grupo cultivado no escuro apresentava 
folhas amareladas. 
","
Ao  final  do  experimento,  os  dois  grupos  de  plantas 
apresentaram 
",
" 
Na  linha  de  uma  tradição  antiga,  o  astrônomo grego  Ptolomeu  (100-170  d.C.)  afirmou  a tese  do geocentrismo,  segundo  a  qual  a  Terra  seria  o  centro  do universo, sendo que o Sol, a Lua e os planetas girariam em seu  redor  em  órbitas  circulares.  A  teoria  de  Ptolomeu resolvia de modo razoável os problemas astronômicos da sua  época.  Vários  séculos  mais 
tarde,  o  clérigo  e astrônomo  polonês  Nicolau  Copérnico  (1473-1543),  ao 
encontrar  inexatidões  na  teoria  de  Ptolomeu,  formulou  a teoria do heliocentrismo, segundo a qual o Sol deveria ser considerado o centro do universo, com a Terra, a Lua e os planetas  girando  circularmente  em  torno  dele.  Por  fim,  o astrônomo  e  matemático  alemão  Johannes  Kepler  (1571-
1630),  depois  de  estudar  o  planeta  Marte  por  cerca  de trinta  anos,  verificou  que  a  sua  órbita  é  elíptica.  Esse resultado generalizou-se para os demais planetas. 
"," 
A  respeito  dos  estudiosos  citados  no  texto,  é  correto afirmar que 
",
"O  ciclo  biogeoquímico  do  carbono  compreende diversos  compartimentos,  entre  os  quais  a  Terra,  a atmosfera  e  os  oceanos,  e  diversos  processos  que permitem  a transferência  de  compostos  entre  esses 
reservatórios.  Os  estoques  de  carbono  armazenados  na forma  de  recursos  não  renováveis,  por  exemplo,  o petróleo, são limitados, sendo de grande relevância que se perceba  a  importância  da  substituição  de  combustíveis 
fósseis por combustíveis de fontes renováveis. 
"," 
A  utilização  de  combustíveis  fósseis  interfere  no  ciclo  do 
carbono, pois provoca 
",
"Um  novo  método  para  produzir  insulina  artificial que  utiliza tecnologia  de  DNA recombinante foi desenvolvido  por  pesquisadores  do  Departamento  de 
Biologia  Celular  da  Universidade  de  Brasília  (UnB)  em parceria  com  a 
iniciativa  privada.  Os  pesquisadores modificaram  geneticamente  a  bactéria  Escherichia  coli para  torná-la  capaz  de  sintetizar  o  hormônio.  O  processo permitiu  fabricar  insulina  em  maior  quantidade  e  em apenas 30 dias, um terço do tempo necessário para obtê-la pelo  método  tradicional,  que  consiste  na  extração  do hormônio a partir do pâncreas de animais abatidos. 

Ciência Hoje, 24 abr. 2001. Disponível em: http://cienciahoje.uol.com.br (adaptado). 
","
A produção de insulina pela técnica do DNA recombinante tem, como consequência, 
",
"A  economia  moderna  depende  da  disponibilidade de  muita  energia  em  diferentes  formas,  para  funcionar  e crescer.  No  Brasil,  o  consumo  total  de  energia  pelas indústrias cresceu mais de quatro vezes no período entre 1970  e  2005.  Enquanto  os  investimentos  em  energias limpas  e  renováveis,  como  solar  e  eólica,  ainda  são incipientes, ao se avaliar a possibilidade de instalação de usinas  geradoras  de  energia  elétrica,  diversos  fatores devem  ser levados  em  consideração, tais  como  os impactos causados ao ambiente e às populações locais. 

RICARDO, B.; CAMPANILI, M. Almanaque Brasil Socioambiental. São Paulo: Instituto Socioambiental, 2007 (adaptado).   
","
Em  uma  situação  hipotética,  optou-se  por  construir  uma usina hidrelétrica em região que abrange diversas quedas d’água  em  rios  cercados  por  mata,  alegando-se  que causaria  impacto  ambiental  muito  menor  que  uma  usina termelétrica. Entre os possíveis impactos da instalação de uma usina hidrelétrica nessa região, inclui-se 
",
" 
As mudanças climáticas e da vegetação ocorridas nos trópicos  da  América  do  Sul têm  sido  bem documentadas  por  diversos  autores,  existindo  um  grande 
acúmulo  de  evidências  geológicas  ou  paleoclimatológicas que  evidenciam  essas  mudanças  ocorridas  durante  o Quaternário nessa região. Essas mudanças resultaram em restrição  da  distribuição  das florestas  pluviais,  com 
expansões  concomitantes  de  habitats  não-florestais durante  períodos  áridos  (glaciais),  seguido  da  expansão das  florestas  pluviais  e  restrição  das  áreas  não-florestais durante períodos úmidos (interglaciais). 

Disponível em: http://zoo.bio.ufpr.br. Acesso em: 1 maio 2009. 
","
Durante os períodos glaciais, 
",
"A fotossíntese é importante para a vida na Terra. Nos  cloroplastos  dos  organismos  fotossintetizantes,  a energia  solar  é  convertida  em  energia  química  que, juntamente  com  água  e  gás  carbônico  (CO2),  é  utilizada 
para  a  síntese  de  compostos  orgânicos  (carboidratos).  A fotossíntese  é  o  único  processo  de  importância  biológica capaz  de  realizar  essa  conversão.  Todos  os  organismos, incluindo os produtores, aproveitam a energia armazenada nos carboidratos para impulsionar os processos celulares, 
liberando CO2 para a atmosfera e água para a célula por meio da respiração celular. Além disso, grande fração dos recursos  energéticos  do  planeta,  produzidos  tanto  no presente (biomassa)  como  em tempos remotos 
(combustível fóssil), é resultante da atividade fotossintética. 
"," 
As  informações  sobre  obtenção  e  transformação  dos recursos  naturais  por  meio  dos  processos  vitais  de fotossíntese  e  respiração,  descritas  no  texto,  permitem concluir que 
",
" 
Para  que  todos  os  órgãos  do  corpo  humano funcionem  em  boas  condições,  é  necessário  que  a temperatura  do  corpo  fique  sempre  entre  36  ºC  e  37  ºC. Para manter-se dentro dessa faixa, em dias de muito calor ou  durante  intensos  exercícios  físicos,  uma  série  de mecanismos fisiológicos é acionada.  
"," 
Pode-se  citar  como  o  principal responsável  pela manutenção da temperatura corporal humana o sistema 
",
" 
Sabões  são  sais  de  ácidos  carboxílicos  de cadeia  longa  utilizados  com  a  finalidade  de  facilitar, durante  processos  de lavagem,  a remoção  de 
substâncias  de  baixa  solubilidade  em  água,  por exemplo, óleos e gorduras. A figura a seguir representa a estrutura de uma molécula de sabão. 
 
Em  solução,  os  ânions  do  sabão  podem hidrolisar  a  água  e,  desse  modo,  formar  o  ácido carboxílico  correspondente.  Por  exemplo,  para  o 
estearato de sódio, é estabelecido o seguinte equilíbrio:  
<math xmlns=""http://www.w3.org/1998/Math/MathML""><msub><mtext>CH</mtext><mn>3</mn></msub><msub><mfenced><msub><mtext>CH</mtext><mn>2</mn></msub></mfenced><mn>16</mn></msub><msup><mtext>COO</mtext><mo>-</mo></msup><mo>+</mo><msub><mtext>H</mtext><mn>2</mn></msub><mtext>O</mtext><mo>&#x21CB;</mo><msub><mtext>CH</mtext><mn>3</mn></msub><msub><mfenced><msub><mtext>CH</mtext><mn>2</mn></msub></mfenced><mn>16</mn></msub><mtext>COOH</mtext><mo>+</mo><msup><mtext>OH</mtext><mo>-</mo></msup></math>

Uma  vez  que  o  ácido  carboxílico  formado  é pouco solúvel em água e menos eficiente na remoção de  gorduras,  o  pH  do  meio  deve  ser  controlado  de 
maneira a evitar que o equilíbrio acima seja deslocado para a direita.  
","
Com base nas informações do texto, é correto concluir que os sabões atuam de maneira 
",
" 
A  abertura  e  a  pavimentação  de  rodovias  em zonas rurais e regiões afastadas dos centros urbanos, por  um lado,  possibilita  melhor  acesso  e  maior integração  entre  as  comunidades,  contribuindo  com  o desenvolvimento  social  e  urbano  de  populações isoladas. Por outro lado, a construção de rodovias pode trazer  impactos  indesejáveis  ao  meio  ambiente,  visto 
que  a  abertura  de  estradas  pode resultar  na fragmentação  de  habitats,  comprometendo  o  fluxo gênico e as interações entre espécies silvestres, além de  prejudicar  o fluxo  natural  de  rios  e  riachos, possibilitar  o 
ingresso  de  espécies  exóticas  em ambientes  naturais  e  aumentar  a  pressão  antrópica sobre os ecossistemas nativos.  

BARBOSA, N. P. U.;  FERNANDES, G. W. A destruição do jardim. Scientific American Brasil. Ano 7, número 80, dez. 2008 (adaptado). 
"," 
Nesse  contexto,  para  conciliar  os  interesses  aparentemente contraditórios  entre  o  progresso  social  e  urbano  e  a conservação do meio ambiente, seria razoável  
",
" 
A eficiência de um processo de conversão de energia é  definida  como  a  razão  entre  a  produção  de  energia  ou trabalho  útil  e  o  total  de  entrada  de  energia  no  processo.  A figura mostra um processo com diversas etapas. Nesse caso, a  eficiência  geral  será  igual  ao  produto  das  eficiências  das etapas individuais.  A  entrada  de  energia  que  não  se transforma  em trabalho  útil  é  perdida  sob formas  não utilizáveis (como resíduos de calor).  

HINRICHS, R. A. Energia e Meio Ambiente. São Paulo: Pioneira Thomson Learning, 2003 (adaptado). 
"," 
Aumentar a eficiência dos processos de conversão de energia implica  economizar  recursos  e  combustíveis.  Das  propostas seguintes, qual resultará em maior aumento da eficiência geral do processo? 
",
" 
Para  que  apresente  condutividade  elétrica adequada  a  muitas  aplicações,  o  cobre  bruto  obtido  por métodos  térmicos  é  purificado eletroliticamente.  Nesse processo, o cobre bruto impuro constitui o ânodo da célula, que está imerso em uma solução de <math xmlns=""http://www.w3.org/1998/Math/MathML""><msub><mtext>CuSO</mtext><mn>4</mn></msub></math>. À medida que o cobre impuro é oxidado no ânodo, íons <math xmlns=""http://www.w3.org/1998/Math/MathML""><msup><mtext>Cu</mtext><mrow><mn>2</mn><mo>+</mo></mrow></msup></math> da solução são  depositados  na  forma  pura  no  cátodo.  Quanto  às impurezas  metálicas,  algumas  são  oxidadas,  passando  à 
solução, enquanto outras simplesmente se desprendem do ânodo  e  se  sedimentam  abaixo  dele.  As  impurezas sedimentadas  são  posteriormente  processadas,  e  sua comercialização gera receita que ajuda a cobrir os custos do processo. A série eletroquímica a seguir lista o cobre e alguns  metais  presentes  como  impurezas  no  cobre  bruto de acordo com suas forças redutoras relativas.  
"," 
Entre  as  impurezas  metálicas  que  constam  na  série apresentada,  as  que  se  sedimentam  abaixo  do  ânodo  de cobre são 
",
" 
A figura seguinte representa um modelo de transmissão da informação  genética  nos  sistemas  biológicos.  No  fim  do processo,  que  inclui  a  replicação,  a  transcrição  e  a tradução, há três formas proteicas diferentes denominadas 
a, b e c.  
"," 
Depreende-se do modelo que 
",
"
O Brasil pode se transformar no primeiro país das Américas  a  entrar  no  seleto  grupo  das  nações  que dispõem de trens-bala. O Ministério dos Transportes prevê o  lançamento  do  edital  de  licitação  internacional  para  a construção da ferrovia de alta velocidade Rio-São Paulo. A viagem ligará os 403 quilômetros entre a Central do Brasil, no Rio, e a Estação da Luz, no centro da capital paulista, em uma hora e 25 minutos.  

Disponível em: http://oglobo.globo.com.  Acesso em: 14 jul. 2009. 
","
Devido  à  alta  velocidade,  um  dos  problemas  a  ser enfrentado na escolha do trajeto que será percorrido pelo trem  é  o  dimensionamento  das  curvas.  Considerando-se que  uma  aceleração lateral  confortável  para  os 
passageiros e segura para o trem seja de 0,1 g, em que g é a aceleração da gravidade (considerada igual a 10 m/s²), e  que  a  velocidade  do  trem  se  mantenha  constante  em todo  o  percurso,  seria  correto  prever  que  as  curvas existentes no trajeto deveriam ter raio de curvatura mínimo de, aproximadamente, 
",
" 
O  manual  de instruções  de  um  aparelho  de  ar-condicionado  apresenta  a  seguinte  tabela,  com  dados técnicos para diversos modelos: 
 
Disponível em: http://www.institucional.brastemp.com.br. Acesso em: 13 jul. 2009 (adaptado). 
","
Considere-se  que  um  auditório  possua  capacidade  para 40 pessoas, cada uma produzindo uma quantidade média de calor, e que praticamente todo o calor que flui para fora do  auditório  o faz  por  meio  dos  aparelhos  de  ar-
condicionado.  Nessa  situação,  entre  as informações listadas,  aquelas  essenciais  para  se  determinar  quantos e/ou quais aparelhos de ar-condicionado são precisos para manter,  com  lotação  máxima,  a  temperatura  interna  do auditório  agradável  e  constante,  bem  como  determinar  a 
espessura  da  fiação  do  circuito  elétrico  para  a  ligação desses aparelhos, são  
",
" 
A  instalação  elétrica  de  uma  casa  envolve  várias etapas, desde a alocação dos dispositivos, instrumentos e aparelhos  elétricos,  até  a  escolha  dos  materiais  que  a compõem,  passando  pelo  dimensionamento  da  potência requerida,  da  fiação  necessária,  dos  eletrodutos*,  entre 
outras.  
 
Para  cada  aparelho  elétrico  existe  um  valor  de potência  associado.  Valores  típicos  de  potências  para alguns  aparelhos  elétricos  são  apresentados  no  quadro seguinte: 
 

*Eletrodutos são condutos por onde passa a fiação de uma instalação elétrica, com a finalidade de protegê-la. 

A  escolha  das lâmpadas  é  essencial  para obtenção de uma boa iluminação. A potência da lâmpada deverá estar de acordo com o tamanho do cômodo a ser 
iluminado.  O  quadro  a  seguir  mostra  a  relação  entre  as áreas dos cômodos (em m²) e as potências das lâmpadas (em  W),  e  foi  utilizado  como  referência  para  o  primeiro pavimento de uma residência. 
 
Obs.:  Para  efeitos  dos  cálculos  das  áreas,  as  paredes  são desconsideradas. 
","
Considerando  a  planta  baixa  fornecida,  com  todos  os aparelhos  em  funcionamento,  a  potência  total,  em  watts, será de
",
" 
O esquema mostra um diagrama de bloco de uma estação geradora de eletricidade abastecida por combustível fóssil. 

HINRICHS, R. A.; KLEINBACH, M. Energia e meio ambiente. São Paulo: Pioneira Thomson Learning, 2003 (adaptado). 
","
Se  fosse  necessário  melhorar  o  rendimento  dessa  usina, que  forneceria  eletricidade  para  abastecer  uma  cidade, qual  das  seguintes  ações  poderia  resultar  em  alguma economia de energia, sem afetar a capacidade de geração da usina? 
",
"
Os  seres  vivos  apresentam  diferentes  ciclos  de vida,  caracterizados  pelas  fases  nas  quais  gametas  são produzidos  e  pelos  processos  reprodutivos  que  resultam na geração de novos indivíduos.  
Disponível em: www.infoescola.com (adaptado). 
","
Considerando-se  um  modelo  simplificado  padrão  para geração  de 
indivíduos  viáveis,  a  alternativa  que corresponde ao observado em seres humanos é: 
",
" Um  medicamento,  após  ser  ingerido,  atinge  a corrente  sanguínea  e  espalha-se  pelo  organismo,  mas, como  suas  moléculas  “não  sabem”  onde  é  que  está  o problema, podem atuar em locais diferentes do local “alvo” 
e desencadear efeitos além daqueles desejados. Não seria perfeito  se  as  moléculas  dos  medicamentos  soubessem exatamente  onde  está  o  problema  e  fossem  apenas  até aquele local exercer sua ação? A técnica conhecida como 
iontoforese,  indolor  e  não  invasiva,  promete  isso.  Como mostram  as  figuras,  essa  nova  técnica  baseia-se  na aplicação  de  uma  corrente  elétrica  de  baixa  intensidade sobre  a  pele  do  paciente,  permitindo  que  fármacos permeiem  membranas  biológicas  e  alcancem  a  corrente sanguínea,  sem  passar  pelo  estômago.  Muitos  pacientes relatam apenas um formigamento no local de aplicação. O objetivo da corrente elétrica é formar poros que permitam a passagem  do  fármaco  de  interesse.  A  corrente  elétrica  é 
distribuída por eletrodos, positivo e negativo, por meio de uma  solução  aplicada  sobre  a  pele.  Se  a  molécula  do medicamento  tiver  carga  elétrica  positiva  ou  negativa,  ao entrar  em  contato  com  o  eletrodo  de  carga  de  mesmo sinal,  ela  será  repelida  e  forçada  a  entrar  na  pele 
(eletrorrepulsão  -  A).  Se  for  neutra,  a  molécula  será forçada  a  entrar  na  pele  juntamente  com  o  fluxo  de solvente  fisiológico  que  se  forma  entre  os  eletrodos (eletrosmose - B). 


GRATIERI, T; GELFUSO, G. M.; LOPES, R. F. V. Medicação do futuro-iontoforese facilita entrada de fármacos no organismo. Ciência Hoje, vol 44, no 259, maio 2009 (adaptado). 
","
De  acordo  com  as  informações  contidas  no  texto  e  nas figuras, o uso da iontoforese 
",
" 
Cerca  de  1%  do  lixo  urbano  é  constituído  por resíduos sólidos contendo elementos tóxicos. Entre esses elementos  estão  metais  pesados  como  o  cádmio,  o chumbo  e  o  mercúrio,  componentes  de  pilhas  e  baterias, 
que são perigosos à saúde humana e ao meio ambiente. Quando  descartadas  em  lixos  comuns,  pilhas  e  baterias vão  para  aterros  sanitários  ou  lixões  a  céu  aberto,  e  o vazamento de seus componentes contamina o solo, os rios 
e o lençol freático, atingindo a flora e a fauna. Por serem bioacumulativos  e  não  biodegradáveis,  esses  metais chegam de forma acumulada aos seres humanos, por meio da  cadeia  alimentar.  A  legislação  vigente  (Resolução 
CONAMA no 257/1999) regulamenta o destino de pilhas e baterias após seu esgotamento energético e determina aos fabricantes  e/ou importadores  a  quantidade  máxima permitida  desses  metais  em  cada  tipo  de  pilha/bateria, porém o problema ainda persiste. 

Disponível em: http://www.mma.gov.br. Acesso em: 11 jul. 2009 (adaptado). 
","
Uma  medida  que  poderia  contribuir  para  acabar definitivamente com o problema da poluição ambiental por metais pesados relatado no texto seria 
",
" 
 
Umidade  relativa  do  ar  é  o  termo  usado  para descrever  a  quantidade  de  vapor  de  água  contido  na atmosfera. Ela é definida pela razão entre o conteúdo real de  umidade  de  uma  parcela  de  ar  e  a  quantidade  de 
umidade que a mesma parcela de ar pode armazenar na mesma  temperatura  e  pressão  quando  está  saturada  de vapor,  isto  é,  com  100%  de  umidade  relativa.  O  gráfico representa a relação entre a umidade relativa do ar e sua 
temperatura ao longo de um período de 24 horas em um determinado local. 
","
Considerando-se  as  informações  do  texto  e  do  gráfico, conclui-se que 
",
" 	 
Os planos de controle e erradicação de doenças em animais  envolvem  ações  de  profilaxia  e  dependem  em grande  medida  da  correta  utilização  e  interpretação  de testes  diagnósticos.  O  quadro  mostra  um  exemplo 
hipotético de aplicação de um teste diagnóstico. 

Manual Técnico do Programa Nacional de Controle e Erradicação da Brucelose e da 
Tuberculose Animal – PNCEBT. Brasília: Ministério da Agricultura, Pecuária e 
Abastecimento, 2006 (adaptado). 
","
Considerando que, no teste diagnóstico, a sensibilidade é a  probabilidade  de  um  animal  infectado  ser  classificado como positivo e a especificidade é a probabilidade de um animal não infectado ter resultado negativo, a interpretação do quadro permite inferir que 
",
" 
O processo de industrialização tem gerado sérios problemas de ordem ambiental, econômica e social, entre os  quais  se  pode  citar  a  chuva  ácida.  Os  ácidos usualmente presentes em maiores proporções na água da chuva  são  o  <math xmlns=""http://www.w3.org/1998/Math/MathML""><msub><mtext>H</mtext><mn>2</mn></msub><msub><mtext>CO</mtext><mn>3</mn></msub></math>, formado  pela  reação  do  <math xmlns=""http://www.w3.org/1998/Math/MathML""><msub><mtext>CO</mtext><mn>2</mn></msub></math> atmosférico  com  a  água,  o  <math xmlns=""http://www.w3.org/1998/Math/MathML""><msub><mtext>HNO</mtext><mn>3</mn></msub></math>,  o  <math xmlns=""http://www.w3.org/1998/Math/MathML""><msub><mtext>HNO</mtext><mn>2</mn></msub></math>,  o  <math xmlns=""http://www.w3.org/1998/Math/MathML""><msub><mtext>H</mtext><mn>2</mn></msub><msub><mtext>SO</mtext><mn>4</mn></msub></math>  e  o <math xmlns=""http://www.w3.org/1998/Math/MathML""><msub><mtext>H</mtext><mn>2</mn></msub><msub><mtext>SO</mtext><mn>3</mn></msub></math>. Esses quatro últimos são formados principalmente 
a partir da reação da água com os óxidos de nitrogênio e de enxofre gerados pela queima de combustíveis fósseis.   
"," 
A formação de chuva mais ou menos ácida depende não só  da  concentração  do  ácido  formado,  como  também  do tipo  de  ácido.  Essa  pode  ser  uma  informação  útil  na elaboração  de  estratégias  para  minimizar  esse  problema ambiental. Se consideradas concentrações idênticas, quais dos  ácidos  citados  no  texto  conferem  maior  acidez  às águas das chuvas? 
",
"
O  ônibus  espacial  Atlantis  foi  lançado  ao  espaço com  cinco  astronautas  a  bordo  e  uma  câmera  nova,  que iria substituir uma outra danificada por um curto-circuito no telescópio Hubble. Depois de entrarem em órbita a 560 km 
de altura, os astronautas se aproximaram do Hubble. Dois astronautas saíram da Atlantis e se dirigiram ao telescópio. Ao  abrir  a  porta  de  acesso,  um  deles  exclamou:  “Esse telescópio tem a massa grande, mas o peso é pequeno.”  
"," 
Considerando o texto e as leis de Kepler, pode-se afirmar que a frase dita pelo astronauta  
",
" 
Os  núcleos  dos  átomos  são  constituídos  de prótons  e  nêutrons,  sendo  ambos  os  principais responsáveis pela sua massa. Nota-se que, na maioria dos 
núcleos, essas partículas não estão presentes na mesma proporção. O gráfico mostra a quantidade de nêutrons (N) em  função  da  quantidade  de  prótons  (Z)  para  os  núcleos estáveis conhecidos. 

KAPLAN, I. Física Nuclear. Rio de Janeiro: Guanabara Dois, 1978 (adaptado). 
","
O antimônio é um elemento químico que possui 50 prótons e possui vários isótopos ― átomos que só se diferem pelo número de nêutrons. De acordo com o gráfico, os isótopos estáveis do antimônio possuem 
",
" 
Uma pesquisadora deseja reflorestar uma área de mata  ciliar  quase  que 
totalmente  desmatada.  Essa formação  vegetal  é  um  tipo  de  floresta  muito  comum  nas margens de rios dos cerrados no Brasil central e, em seu 
clímax,  possui  vegetação  arbórea  perene  e  apresenta dossel fechado, com pouca incidência luminosa no solo e nas  plântulas.  Sabe-se  que  a incidência  de luz,  a disponibilidade  de  nutrientes  e  a  umidade  do  solo  são  os 
principais fatores do meio ambiente físico que influenciam no desenvolvimento da planta. Para testar unicamente os efeitos  da  variação  de  luz,  a  pesquisadora  analisou,  em casas  de  vegetação  com  condições  controladas,  o desenvolvimento  de  plantas  de  10  espécies  nativas  da região desmatada sob quatro condições de luminosidade: uma  sob  sol  pleno  e  as  demais  em  diferentes  níveis  de sombreamento.  Para  cada  tratamento  experimental,  a 
pesquisadora  relatou  se  o  desenvolvimento  da  planta  foi bom,  razoável  ou  ruim,  de  acordo  com  critérios específicos. Os resultados obtidos foram os seguintes: 
"," 
Para o reflorestamento da região desmatada, 
",
" 
É possível, com 1 litro de gasolina, usando todo o calor  produzido  por  sua  combustão  direta,  aquecer  200 litros  de  água  de  20  °C  a  55  °C.  Pode-se  efetuar  esse mesmo  aquecimento  por  um  gerador  de  eletricidade,  que consome 1 litro de gasolina por hora e fornece 110 V a um resistor  de  11  Ω,  imerso  na  água,  durante  um  certo intervalo  de  tempo.  Todo  o  calor  liberado  pelo  resistor  é transferido à água. 
"," 
Considerando  que  o  calor  específico  da  água  é igual a <math xmlns=""http://www.w3.org/1998/Math/MathML""><mn>4</mn><mo>,</mo><mn>19</mn><msup><mtext>Jg</mtext><mrow><mo>-</mo><mn>1</mn></mrow></msup><msup><mtext>&#xB0;C</mtext><mrow><mo>-</mo><mn>1</mn></mrow></msup></math>, aproximadamente qual a quantidade de gasolina consumida para o aquecimento de água obtido pelo  gerador,  quando  comparado  ao  obtido  a  partir  da 
combustão? 
",
"O  progresso  da  tecnologia  introduziu  diversos artefatos geradores de campos eletromagnéticos. Uma das mais empregadas invenções nessa área são os telefones celulares e smartphones. As tecnologias de transmissão de celular  atualmente  em  uso  no  Brasil  contemplam  dois sistemas. O primeiro deles é operado entre as frequências de 800 MHz e 900 MHz e constitui os chamados sistemas TDMA/CDMA. Já a tecnologia GSM, ocupa a frequência de 
1.800 MHz. 
","
Considerando que a intensidade de transmissão e o nível de recepção “celular”  sejam  os  mesmos  para  as tecnologias de transmissão TDMA/CDMA ou GSM, se um 
engenheiro  tiver  de  escolher  entre  as  duas  tecnologias para  obter  a  mesma  cobertura,  levando  em  consideração apenas  o  número  de  antenas  em  uma  região,  ele  deverá escolher: 
",
"
Considere  um  equipamento  capaz  de  emitir radiação  eletromagnética  com  comprimento  de  onda  bem menor  que  a  da  radiação  ultravioleta.  Suponha  que  a radiação emitida por esse equipamento foi apontada para um tipo  específico  de filme fotográfico  e  entre  o equipamento  e  o  filme  foi  posicionado  o  pescoço  de  um indivíduo. Quanto mais exposto à radiação, mais escuro se torna  o filme  após  a revelação.  Após  acionar  o equipamento  e  revelar  o  filme,  evidenciou-se  a  imagem mostrada na figura abaixo.  
"," 
Dentre  os  fenômenos  decorrentes  da  interação  entre  a radiação  e  os  átomos  do  indivíduo  que  permitem  a obtenção desta imagem inclui-se a 
",
" 
Os ratos Peromyscus polionotus encontram-se distribuídos em ampla região na América do Norte. A pelagem de ratos dessa espécie varia do marrom claro até o escuro, sendo que os ratos de uma mesma população têm coloração muito 
semelhante. Em geral, a coloração da pelagem também é muito parecida à cor do solo da região em que se encontram, que também  apresenta  a  mesma  variação  de  cor,  distribuída  ao  longo  de  um gradiente  sul-norte.  Na  figura,  encontram-se representadas sete diferentes populações de P. polionotus. Cada população é representada pela pelagem do rato, por uma amostra de solo e por sua posição geográfica no mapa. 

MULLEN, L. M.; HOEKSTRA, H. E. Natural selection along an environmental gradient: a classic cline in mouse pigmentation. Evolution, 2008.  
","
O mecanismo evolutivo envolvido na associação entre cores de pelagem e de substrato é 
",
"O lixo orgânico de casa – constituído de restos de verduras, frutas, legumes, cascas de ovo, aparas de grama, entre  outros  –,  se  for  depositado  nos  lixões,  pode  contribuir  para  o  aparecimento  de  animais  e  de  odores  indesejáveis. Entretanto,  sua  reciclagem  gera  um  excelente  adubo  orgânico,  que  pode  ser  usado  no  cultivo  de  hortaliças,  frutíferas  e 
plantas ornamentais. A produção do adubo ou composto orgânico se dá por meio da compostagem, um processo simples que requer alguns cuidados especiais. O material que é acumulado diariamente em recipientes próprios deve ser revirado 
com  auxílio  de  ferramentas  adequadas,  semanalmente,  de  forma  a  homogeneizá-lo.  É  preciso  também  umedecê-lo periodicamente. O material de restos de capina pode ser intercalado entre uma camada e outra de lixo da cozinha. Por meio desse método, o adubo orgânico estará pronto em aproximadamente dois a três meses. 
","
Como usar o lixo orgânico em casa? Ciência Hoje, v. 42, jun. 2008 (adaptado). 
Suponha que uma pessoa, desejosa de fazer seu próprio adubo orgânico, tenha seguido o procedimento descrito no texto, exceto no que se refere ao umedecimento periódico do composto. Nessa situação, 
",
"  
O Sol representa uma fonte limpa e inesgotável de energia  para  o  nosso  planeta.  Essa  energia  pode  ser captada  por  aquecedores  solares,  armazenada  e convertida  posteriormente  em  trabalho  útil.  Considere 
determinada  região  cuja insolação  —  potência  solar incidente  na  superfície  da  Terra  —  seja  de  800  watts/m². Uma  usina  termossolar  utiliza  concentradores  solares parabólicos  que  chegam  a  dezenas  de  quilômetros  de extensão.  Nesses  coletores  solares  parabólicos,  a  luz refletida pela superfície parabólica espelhada é focalizada em um receptor em forma de cano e aquece o óleo contido em seu interior a 400 °C. O calor desse óleo é transferido para a água, vaporizando-a em uma caldeira. O vapor em 
alta  pressão  movimenta  uma  turbina  acoplada  a  um gerador de energia elétrica. 
","
Considerando  que  a  distância  entre  a  borda  inferior  e  a borda superior da superfície refletora tenha 6 m de largura e  que  focaliza  no  receptor  os  800  watts/m²  de  radiação provenientes  do  Sol,  e  que  o  calor  específico  da  água  é  <math xmlns=""http://www.w3.org/1998/Math/MathML""><mn>1</mn><msup><mtext>g</mtext><mrow><mo>-</mo><mn>1</mn></mrow></msup><msup><mtext>&#xB0;C</mtext><mrow><mo>-</mo><mn>1</mn></mrow></msup><mo>=</mo><mn>4200</mn><msup><mtext>Jkg</mtext><mrow><mo>-</mo><mn>1</mn></mrow></msup><msup><mtext>&#xB0;C</mtext><mrow><mo>-</mo><mn>1</mn></mrow></msup></math>, então o comprimento linear do refletor parabólico necessário para elevar a temperatura 
de 1 m³ (equivalente a 1 t) de água de 20 °C para 100 °C, em uma hora, estará entre 
",
" 
O  uso  de  protetores  solares  em  situações  de  grande  exposição  aos  raios  solares  como,  por  exemplo, nas  praias,  é  de  grande  importância  para  a  saúde.  As moléculas ativas de um protetor apresentam, usualmente, 
anéis  aromáticos  conjugados  com  grupos  carbonila,  pois esses  sistemas  são  capazes  de  absorver  a  radiação ultravioleta mais nociva aos seres humanos. A conjugação é definida como a ocorrência de alternância entre ligações simples e duplas em uma molécula. Outra propriedade das 
moléculas  em  questão  é  apresentar,  em  uma  de  suas extremidades, uma parte apolar responsável por reduzir a solubilidade  do  composto  em  água,  o  que  impede  sua rápida remoção quando do contato com a água.   
","
De  acordo  com  as  considerações  do  texto,  qual  das moléculas apresentadas a seguir é a mais adequada para funcionar como molécula ativa de protetores solares? 
",
"  
Sabe-se que o olho humano não consegue diferenciar componentes  de  cores  e  vê  apenas  a  cor  resultante, diferentemente  do  ouvido,  que  consegue  distinguir,  por exemplo, dois instrumentos diferentes tocados simultaneamente. Os raios luminosos do espectro visível, que têm comprimento de onda entre 380 nm e 780 nm, incidem na córnea, passam pelo cristalino e são projetados na retina. Na retina, encontram-se dois tipos de fotorreceptores, os cones e 
os  bastonetes,  que  convertem  a  cor  e  a  intensidade  da  luz recebida em impulsos nervosos. Os cones distinguem as cores primárias: vermelho, verde e azul, e os bastonetes diferenciam apenas  níveis  de  intensidade,  sem  separar  comprimentos  de onda.  Os  impulsos  nervosos  produzidos  são  enviados  ao cérebro por meio do nervo óptico, para que se dê a percepção 
da imagem. 
"," 
Um  indivíduo  que,  por  alguma  deficiência,  não  consegue captar as informações transmitidas pelos cones, perceberá um  objeto  branco,  iluminado  apenas  por  luz  vermelha, como 
",
"
Durante  uma  ação  de  fiscalização  em  postos  de combustíveis, foi encontrado um mecanismo inusitado para enganar  o  consumidor.  Durante  o  inverno,  o  responsável por  um  posto  de  combustível  compra  álcool  por R$ 0,50 por litro, a uma temperatura de 5 °C. Para revender o líquido aos motoristas, instalou um mecanismo na bomba de  combustível  para  aquecê-lo,  para  que  atinja  a temperatura de 35 °C, sendo o litro de álcool revendido a 
R$ 1,60. Diariamente o posto compra 20 mil litros de álcool a 5 ºC e os revende.  
"," 
Com relação à situação hipotética descrita no texto e dado que  o  coeficiente  de  dilatação  volumétrica  do  álcool  é  de 1×10-3  ºC-1,  desprezando-se  o  custo  da  energia  gasta  no aquecimento  do  combustível,  o  ganho  financeiro  que  o dono  do  posto  teria  obtido  devido  ao  aquecimento  do 
álcool após uma semana de vendas estaria entre 
",
"  
A invenção da  geladeira proporcionou uma revolução no aproveitamento  dos  alimentos,  ao permitir  que  fossem  armazenados  e transportados  por  longos  períodos.  A figura  apresentada  ilustra  o  processo cíclico  de 
funcionamento  de  uma geladeira, em que um gás no interior de uma tubulação é forçado a circular entre o  congelador  e  a  parte  externa  da geladeira. É por meio dos processos de compressão,  que  ocorre  na  parte externa, e de expansão, que ocorre na parte interna, que o gás proporciona a troca de calor entre o interior e o exterior da geladeira. 

Disponível em: http://home.howstuffworks.com. Acesso em: 19 out. 2008 (adaptado). 
","
Nos processos de transformação de energia envolvidos no 
funcionamento da geladeira, 
",
" 
Na  manipulação  em  escala  nanométrica,  os átomos revelam  características  peculiares,  podendo apresentar  tolerância  à  temperatura,  reatividade  química, condutividade  elétrica,  ou  mesmo  exibir força  de 
intensidade  extraordinária.  Essas  características  explicam o interesse industrial pelos nanomateriais que estão sendo muito  pesquisados  em  diversas  áreas,  desde  o desenvolvimento de cosméticos, tintas e tecidos, até o de 
terapias contra o câncer. 

LACAVA, Z. G. M; MORAIS, P. C. Nanobiotecnologia e Saúde. Disponível em: 
http://www.comciencia.br (adaptado). 
","
A  utilização  de  nanopartículas  na  indústria  e  na  medicina requer estudos mais detalhados, pois 
",
" 
Uma  vítima  de  acidente  de  carro  foi  encontrada carbonizada devido a uma explosão. Indícios, como certos adereços  de  metal  usados  pela  vítima,  sugerem  que  a mesma  seja  filha  de  um  determinado  casal.  Uma  equipe 
policial  de  perícia  teve  acesso  ao  material  biológico carbonizado  da  vítima, reduzido,  praticamente,  a fragmentos  de  ossos.  Sabe-se  que  é  possível  obter  DNA em  condições  para  análise  genética  de  parte  do  tecido interno  de  ossos.  Os  peritos  necessitam  escolher,  entre 
cromossomos  autossômicos,  cromossomos  sexuais  (X  e Y)  ou  DNAmt  (DNA  mitocondrial),  a  melhor  opção  para identificação do parentesco da vítima com o referido casal. Sabe-se  que,  entre  outros  aspectos,  o  número  de  cópias de um mesmo cromossomo por célula maximiza a chance de  se  obter  moléculas  não  degradadas  pelo  calor  da explosão. 
"," 
Com  base  nessas  informações  e  tendo  em  vista  os diferentes  padrões  de  herança  de  cada  fonte  de  DNA citada, a melhor opção para a perícia seria a utilização 
",
"  
O  cultivo  de  camarões  de  água  salgada  vem  se desenvolvendo muito nos últimos anos na região Nordeste do Brasil  e,  em  algumas  localidades,  passou  a  ser  a  principal atividade  econômica.  Uma  das  grandes  preocupações  dos impactos  negativos  dessa  atividade  está relacionada  à descarga,  sem  nenhum  tipo  de  tratamento,  dos  efluentes  dos viveiros diretamente no ambiente marinho, em estuários ou em manguezais.  Esses  efluentes  possuem  matéria  orgânica particulada  e  dissolvida,  amônia,  nitrito,  nitrato, fosfatos, partículas de sólidos em suspensão e outras substâncias que podem ser consideradas contaminantes potenciais. 

CASTRO, C. B.; ARAGÃO, J. S.; COSTA-LOTUFO, L. V. Monitoramento da toxicidade de efluentes de uma fazenda de cultivo de camarão marinho. Anais do IX Congresso Brasileiro de Ecotoxicologia, 2006 (adaptado). 
","
Suponha  que tenha  sido  construída  uma fazenda  de carcinicultura próximo a um manguezal. Entre as perturbações ambientais causadas pela fazenda, espera-se que  
",
"Nas  últimas  décadas,  o  efeito  estufa tem-se intensificado de maneira preocupante, sendo esse efeito muitas vezes  atribuído  à  intensa  liberação  de  <math xmlns=""http://www.w3.org/1998/Math/MathML""><msub><mtext>CO</mtext><mn>2</mn></msub></math>  durante  a  queima de  combustíveis  fósseis  para  geração  de  energia.  O  quadro traz  as  entalpias-padrão  de  combustão  a  25  ºC  (<math xmlns=""http://www.w3.org/1998/Math/MathML""><msubsup><mtext>&#x394;H</mtext><mn>25</mn><mn>0</mn></msubsup></math>) do metano, do butano e do octano. 
","
 À  medida  que  aumenta  a  consciência  sobre  os  impactos ambientais 
relacionados  ao  uso  da  energia,  cresce  a importância  de  se  criar  políticas  de  incentivo  ao  uso  de combustíveis  mais  eficientes.  Nesse  sentido,  considerando-se que  o  metano,  o  butano  e  o  octano  sejam  representativos  do gás natural, do gás liquefeito de petróleo (GLP) e da gasolina, respectivamente,  então,  a  partir  dos  dados  fornecidos,  é 
possível concluir que, do ponto de vista da quantidade de calor obtido por mol de <math xmlns=""http://www.w3.org/1998/Math/MathML""><msub><mtext>CO</mtext><mn>2</mn></msub></math> gerado, a ordem crescente desses três combustíveis é 
",
"
O álcool hidratado utilizado como combustível veicular é obtido por meio da destilação fracionada de soluções aquosas geradas a partir da fermentação de 
biomassa.  Durante  a  destilação,  o  teor  de  etanol  da mistura é aumentado, até o limite de 96% em massa. 
"," 
Considere que, em uma usina de produção de etanol, 800 kg de uma mistura etanol/água com concentração 20%  em  massa  de  etanol  foram  destilados,  sendo obtidos 100 kg de álcool hidratado 96% em massa de etanol. A partir desses dados, é correto concluir que a destilação  em  questão  gerou  um  resíduo  com  uma concentração de etanol em massa 
",
"
Considere  a  seguinte  situação  hipotética:  ao preparar o palco para a apresentação de uma peça de teatro,  o  iluminador  deveria  colocar  três  atores  sob luzes  que  tinham  igual  brilho  e  os  demais,  sob  luzes 
de menor brilho. O iluminador determinou, então, aos técnicos,  que  instalassem  no  palco  oito  lâmpadas incandescentes com a mesma especificação (L1 a L8), interligadas em um circuito com uma bateria, conforme mostra a figura. 
"," 
Nessa  situação,  quais  são  as  três  lâmpadas  que acendem com o mesmo brilho por apresentarem igual valor de corrente fluindo nelas, sob as quais devem se posicionar os três atores? 
",
"O  Egito  é  visitado  anualmente  por  milhões  de 
turistas de todos os quadrantes do planeta, desejosos de 
ver  com  os  próprios  olhos  a  grandiosidade  do  poder 
esculpida em pedra há milênios: as pirâmides de Gizeh, as 
tumbas  do  Vale  dos  Reis  e  os  numerosos  templos 
construídos ao longo do Nilo.  
"," 
O  que  hoje  se  transformou  em  atração  turística  era,  no 
passado, interpretado de forma muito diferente, pois 
",
" 
O  que  se  entende  por  Corte  do  antigo  regime  é, 
em primeiro lugar, a casa de habitação dos reis de França, 
de suas famílias, de todas as pessoas que, de perto ou de 
longe, dela fazem parte. As despesas da Corte, da imensa 
casa dos reis, são consignadas no registro das despesas 
do  reino  da  França  sob  a  rubrica  significativa  de  Casas 
Reais. 

ELIAS, N. A sociedade de corte. Lisboa: Estampa, 1987. 
","
Algumas  casas  de  habitação  dos  reis  tiveram  grande 
efetividade  política  e  terminaram  por  se  transformar  em 
patrimônio artístico e cultural, cujo exemplo é  
",
" 
Hoje  em  dia,  nas  grandes  cidades,  enterrar  os 
mortos  é  uma  prática  quase  íntima,  que  diz  respeito 
apenas  à  família.  A  menos,  é  claro,  que  se  trate  de  uma 
personalidade conhecida. Entretanto, isso nem sempre foi 
assim.  Para  um  historiador,  os  sepultamentos  são  uma 
fonte  de informações importantes  para  que  se 
compreenda, por exemplo, a vida política das sociedades.  
 
","
No  que  se  refere  às  práticas  sociais ligadas  aos 
sepultamentos, 
",
"
A  Idade  Média  é  um  extenso  período  da  História 
do  Ocidente  cuja  memória  é  construída  e  reconstruída 
segundo as circunstâncias das épocas posteriores. Assim, 
desde  o  Renascimento,  esse  período  vem  sendo  alvo  de 
diversas  interpretações  que  dizem  mais  sobre  o  contexto 
histórico  em  que  são  produzidas  do  que  propriamente 
sobre o Medievo.  
"," 
Um exemplo acerca do que está exposto no texto acima é  
",
" 
A  primeira  metade  do  século  XX  foi  marcada  por 
conflitos  e  processos  que  a  inscreveram  como  um  dos 
mais violentos períodos da história humana.  
"," 
Entre  os  principais  fatores  que  estiveram  na  origem  dos 
conflitos ocorridos durante a primeira metade do século XX 
estão 
",
" 
Os  regimes  totalitários  da  primeira  metade  do 
século  XX  apoiaram-se  fortemente  na  mobilização  da 
juventude em torno da defesa de ideias grandiosas para o 
futuro  da  nação.  Nesses  projetos,  os  jovens  deveriam 
entender que só havia uma pessoa digna de ser amada e 
obedecida,  que  era  o  líder.  Tais  movimentos  sociais 
juvenis  contribuíram  para  a  implantação  e  a  sustentação 
do  nazismo,  na  Alemanha,  e  do  fascismo,  na  Itália, 
Espanha e Portugal. 
"," 
A atuação desses movimentos juvenis caracterizava-se 
",
" 
Do ponto de vista geopolítico, a Guerra Fria dividiu 
a  Europa  em  dois  blocos.  Essa  divisão  propiciou  a 
formação de alianças antagônicas de caráter militar, como 
a OTAN, que aglutinava os países do bloco ocidental, e o 
Pacto de Varsóvia, que concentrava os do bloco oriental. É 
importante  destacar  que,  na  formação  da  OTAN,  estão 
presentes, além dos países do oeste europeu, os EUA e o 
Canadá.  Essa  divisão  histórica  atingiu  igualmente  os 
âmbitos  político  e  econômico  que  se  refletia  pela  opção 
entre os modelos capitalista e socialista. 
"," 
Essa divisão europeia ficou conhecida como 
",
" 
O ano de 1968 ficou conhecido pela efervescência 
social,  tal  como  se  pode  comprovar  pelo  seguinte  trecho, 
retirado  de  texto  sobre  propostas  preliminares  para  uma 
revolução cultural: “É preciso discutir em todos os lugares 
e  com  todos.  O  dever  de  ser  responsável  e  pensar 
politicamente diz respeito a todos, não é privilégio de uma 
minoria de iniciados. Não devemos nos surpreender com o 
caos das ideias, pois essa é a condição para a emergência 
de  novas  ideias.  Os  pais  do  regime  devem  compreender 
que autonomia não é uma palavra vã; ela supõe a partilha 
do  poder,  ou  seja,  a  mudança  de  sua  natureza.  Que 
ninguém  tente  rotular  o  movimento  atual;  ele  não  tem 
etiquetas e não precisa delas”. 

Journal de la comune étudiante. Textes et 
documents.  Paris: Seuil, 1969 (adaptado). 
","
Os movimentos sociais, que marcaram o ano de 1968,  
",
"
Os Yanomami constituem uma sociedade indígena 
do  norte  da  Amazônia  e  formam  um  amplo  conjunto 
linguístico  e  cultural.  Para  os  Yanomami,  urihi,  a  “terra-
floresta”,  não  é  um  mero  cenário inerte,  objeto  de exploração econômica, e sim uma entidade viva, animada por uma dinâmica de trocas entre os diversos seres que a povoam.  A  floresta  possui  um  sopro  vital,  wixia,  que  é muito longo. Se não a desmatarmos, ela não morrerá. Ela não se decompõe, isto é, não se desfaz. É graças ao seu 
sopro úmido que as plantas crescem. A floresta não está 
morta pois, se fosse assim, as florestas não teriam folhas. 
Tampouco  se  veria  água.  Segundo  os  Yanomami,  se  os 
brancos os fizerem desaparecer para desmatá-la e morar 
no  seu  lugar,  ficarão  pobres  e  acabarão  tendo  fome  e 
sede. 

ALBERT, B. Yanomami, o espírito da floresta. Almanaque Brasil  
Socioambiental. São Paulo: ISA, 2007 (adaptado). 
","
De acordo com o texto, os Yanomami acreditam que 
",
"O  fim  da  Guerra  Fria  e  da  bipolaridade,  entre  as 
décadas de 1980 e 1990, gerou expectativas de que seria 
instaurada uma ordem internacional marcada pela redução 
de conflitos e pela multipolaridade.  
"," 
O  panorama  estratégico  do  mundo  pós-Guerra  Fria apresenta 
",
" 
Na democracia estado-unidense, os cidadãos são incluídos  na  sociedade  pelo  exercício  pleno  dos  direitos políticos  e também  pela ideia  geral  de  direito  de propriedade. Compete ao governo garantir que esse direito não  seja  violado.  Como  consequência,  mesmo  aqueles que  possuem  uma  pequena  propriedade  sentem-se cidadãos de pleno direito. 
"," 
Na  tradição  política  dos  EUA,  uma  forma  de  incluir socialmente os cidadãos é 
",
"Na  década  de  30  do  século  XIX,  Tocqueville 
escreveu as seguintes linhas a respeito da moralidade nos 
EUA: “A opinião pública norte-americana é particularmente 
dura  com  a  falta  de  moral,  pois  esta  desvia  a  atenção 
frente  à  busca  do  bem-estar  e  prejudica  a  harmonia 
doméstica, que é tão essencial ao sucesso dos negócios. 
Nesse sentido, pode-se dizer que ser casto é uma questão 
de honra”. 

TOCQUEVILLE, A. Democracy in America. Chicago: Encyclopædia 
Britannica, Inc., Great Books 44, 1990 (adaptado). 
","
Do  trecho,  infere-se  que,  para  Tocqueville,  os  norte-
americanos do seu tempo 
",
" 
Segundo  Aristóteles,  “na  cidade  com  o  melhor conjunto  de  normas  e  naquela  dotada  de  homens absolutamente  justos,  os  cidadãos  não  devem  viver  uma vida  de  trabalho  trivial  ou  de  negócios  —  esses  tipos  de vida  são  desprezíveis  e  incompatíveis  com  as  qualidades 
morais —, tampouco devem ser agricultores os aspirantes à cidadania,  pois  o lazer  é indispensável  ao desenvolvimento  das  qualidades  morais  e  à  prática  das atividades políticas”. 

VAN ACKER, T. Grécia. A vida cotidiana na cidade-Estado.  
São Paulo: Atual, 1994. 
","
O trecho, retirado da obra Política, de Aristóteles, permite 
compreender que a cidadania 
",
"Para  Caio  Prado  Jr.,  a  formação  brasileira  se completaria no momento em que fosse superada a nossa herança  de inorganicidade  social  ―  o  oposto  da interligação  com  objetivos  internos  ―  trazida  da  colônia. Este  momento  alto  estaria,  ou  esteve,  no  futuro.  Se 
passarmos  a  Sérgio  Buarque  de  Holanda,  encontraremos algo  análogo.  O  país  será  moderno  e  estará  formado quando  superar  a  sua  herança  portuguesa,  rural  e autoritária,  quando  então  teríamos  um  país  democrático. Também  aqui  o  ponto  de  chegada  está  mais  adiante,  na dependência das decisões do presente. Celso Furtado, por 
seu turno, dirá que a nação não se completa enquanto as alavancas do comando, principalmente do econômico, não passarem para dentro do país. Como para os outros dois, a conclusão do processo encontra-se no futuro, que agora parece remoto. 

SCHWARZ, R. Os sete fôlegos de um livro. Sequências brasileiras.  
São Paulo: Cia. das Letras,1999 (adaptado). 
","
Acerca  das  expectativas  quanto  à  formação  do  Brasil,  a 
sentença que sintetiza os pontos de vista apresentados no 
texto é: 
",
" 
A  definição  de  eleitor  foi  tema  de  artigos  nas 
Constituições  brasileiras  de  1891  e  de  1934.  Diz  a 
Constituição da República dos Estados Unidos do Brasil de 
1891: 

Art. 70. São eleitores os cidadãos maiores de 21 
anos que se alistarem na forma da lei. 

A  Constituição  da  República  dos  Estados  Unidos  
do Brasil de 1934, por sua vez, estabelece que:

Art.  180.  São  eleitores  os  brasileiros  de  um  e  de 
outro sexo, maiores de 18 anos, que se alistarem 
na forma da lei.  
","
Ao se comparar os dois artigos, no que diz respeito ao 
gênero dos eleitores, depreende-se que  
",
" 
O  autor  da  constituição  de  1937,  Francisco Campos,  afirma  no  seu  livro,  O  Estado  Nacional,  que  o eleitor seria apático; a democracia de partidos conduziria à desordem;  a  independência  do  Poder  Judiciário  acabaria em injustiça  e ineficiência;  e  que  apenas  o  Poder Executivo, centralizado em Getúlio Vargas, seria capaz de dar  racionalidade  imparcial  ao  Estado,  pois  Vargas  teria providencial intuição do bem e da verdade, além de ser um gênio político. 

CAMPOS, F. O Estado nacional. Rio de Janeiro:  
José Olympio, 1940 (adaptado). 
","
Segundo as ideias de Francisco Campos, 
",
"
A  partir  de  1942  e  estendendo-se  até  o  final  do Estado Novo, o Ministro do Trabalho, Indústria e Comércio de  Getúlio  Vargas  falou  aos  ouvintes  da  Rádio  Nacional semanalmente,  por  dez  minutos,  no  programa  “Hora  do Brasil”. O objetivo declarado do governo era esclarecer os trabalhadores  acerca  das  inovações  na  legislação  de 
proteção ao trabalho. 

GOMES, A. C. A invenção do trabalhismo. Rio de Janeiro:  
IUPERJ / Vértice. São Paulo: Revista dos Tribunais, 1988 (adaptado). 
","
Os programas “Hora do Brasil” contribuíram para 
",
"No  final  do  século  XVI,  na  Bahia,  Guiomar  de Oliveira denunciou Antônia Nóbrega à Inquisição. Segundo o depoimento, esta lhe dava “uns pós não sabe de quê, e outros pós de osso de finado, os quais pós ela confessante deu  a  beber  em  vinho  ao  dito  seu  marido  para  ser  seu amigo e serem bem-casados, e que todas estas coisas fez tendo-lhe dito a dita Antônia e ensinado que eram coisas diabólicas e que os diabos lha ensinaram”. 

ARAÚJO, E. O teatro dos vícios. Transgressão e transigência na  
sociedade urbana colonial. Brasília: UnB/José Olympio, 1997. 
","
Do ponto de vista da Inquisição, 
",
"
A formação dos Estados foi certamente distinta na 
Europa,  na  América  Latina,  na  África  e  na  Ásia.  Os 
Estados atuais, em especial na América Latina — onde as 
instituições  das  populações  locais  existentes  à  época  da 
conquista ou foram eliminadas, como no caso do México e 
do Peru, ou eram frágeis, como no caso do Brasil —, são o 
resultado,  em  geral,  da  evolução  do  transplante  de 
instituições  europeias  feito  pelas  metrópoles  para  suas 
colônias.  Na  África,  as  colônias tiveram fronteiras 
arbitrariamente  traçadas,  separando  etnias,  idiomas  e 
tradições,  que,  mais  tarde,  sobreviveram  ao  processo  de 
descolonização,  dando  razão  para  conflitos  que,  muitas 
vezes,  têm  sua  verdadeira  origem  em  disputas  pela 
exploração  de  recursos  naturais.  Na  Ásia,  a  colonização 
europeia  se  fez  de  forma  mais  indireta  e  encontrou 
sistemas políticos e administrativos mais sofisticados, aos 
quais  se  superpôs.  Hoje,  aquelas  formas  anteriores  de 
organização, ou pelo menos seu espírito, sobrevivem nas 
organizações políticas do Estado asiático. 

GUIMARÃES, S. P. Nação, nacionalismo, Estado. Estudos Avançados. São Paulo: EdUSP, 
v. 22, n.º 62, jan.- abr. 2008 (adaptado). 
","
Relacionando  as  informações  ao  contexto  histórico  e geográfico  por  elas  evocado,  assinale  a  opção  correta acerca  do  processo  de  formação  socioeconômica  dos continentes mencionados no texto. 
",
"No tempo da independência do Brasil, circulavam 
nas classes populares do Recife trovas que faziam alusão 
à revolta escrava do Haiti: 

Marinheiros e caiados 
Todos devem se acabar, 
Porque só pardos e pretos 

O país hão de habitar. 

AMARAL, F. P. do. Apud CARVALHO, A. Estudos pernambucanos.  
Recife: Cultura Acadêmica, 1907. 
","
O  período  da  independência  do  Brasil  registra  conflitos 
raciais, como se depreende 
",
" 
Colhe o Brasil, após esforço contínuo dilatado no 
tempo,  o  que  plantou  no  esforço  da  construção  de  sua 
inserção  internacional.  Há  dois  séculos  formularam-se  os 
pilares  da  política  externa.  Teve  o  país  inteligência  de 
longo prazo e cálculo de oportunidade no mundo difuso da 
transição da hegemonia britânica para o século americano. 
Engendrou  concepções,  conceitos  e  teoria  própria  no 
século XIX, de José Bonifácio ao Visconde do Rio Branco. 
Buscou  autonomia  decisória  no  século  XX.  As  elites  se 
interessaram, por meio de calorosos debates, pelo destino 
do Brasil. O país emergiu, de Vargas aos militares, como 
ator  responsável  e  previsível  nas  ações  externas  do 
Estado. A mudança de regime político para a democracia 
não alterou o pragmatismo externo, mas o aperfeiçoou. 
SARAIVA, J. F. S. O lugar do Brasil e o silêncio do parlamento. Correio Braziliense, Brasília, 
28 maio 2009 (adaptado). 
","
Sob  o  ponto  de  vista  da  política  externa  brasileira  no 
século XX, conclui-se que
",
" 
A  prosperidade  induzida  pela  emergência  das 
máquinas  de  tear  escondia  uma  acentuada  perda  de 
prestígio. Foi nessa idade de ouro que os artesãos, ou os 
tecelões  temporários,  passaram  a  ser  denominados,  de 
modo  genérico,  tecelões  de  teares  manuais.  Exceto  em 
alguns  ramos  especializados,  os  velhos  artesãos  foram 
colocados  lado  a  lado  com  novos  imigrantes,  enquanto 
pequenos fazendeiros-tecelões abandonaram suas 
pequenas propriedades para se concentrar na atividade de 
tecer.  Reduzidos  à  completa  dependência  dos  teares 
mecanizados  ou  dos  fornecedores  de  matéria-prima,  os 
tecelões  ficaram  expostos  a  sucessivas  reduções  dos 
rendimentos. 


THOMPSON, E. P. The making of the english working class. Harmondsworth: Penguin 
Books, 1979 (adaptado). 
","
Com a mudança tecnológica ocorrida durante a Revolução Industrial, a forma de trabalhar alterou-se porque 
",
" 
Até  o  século  XVII,  as  paisagens  rurais  eram marcadas  por  atividades rudimentares  e  de  baixa produtividade.  A  partir  da  Revolução  Industrial,  porém, sobretudo com o advento da revolução tecnológica, houve um desenvolvimento contínuo do setor agropecuário. 
"," 
São,  portanto,  observadas  consequências  econômicas, sociais  e  ambientais inter-relacionadas  no  período posterior à Revolução Industrial, as quais incluem 
",
"Como  se  assistisse  à  demonstração  de  um espetáculo  mágico, ia  revendo  aquele  ambiente tão característico  de  família,  com  seus  pesados  móveis  de vinhático  ou  de  jacarandá,  de  qualidade  antiga,  e  que denunciavam  um  passado  ilustre,  gerações  de  Meneses talvez mais singelos e mais calmos; agora, uma espécie de desordem, de relaxamento, abastardava aquelas qualidades  primaciais. Mesmo  assim  era  fácil  perceber  o que haviam sido, esses nobres da roça, com seus cristais que brilhavam mansamente na sombra, suas pratas semi-
empoeiradas que atestavam o esplendor esvanecido, seus 
marfins e suas opalinas – ah, respirava-se ali conforto, não 
havia  dúvida,  mas  era  apenas  uma  sobrevivência  de 
coisas idas.  Dir-se-ia,  ante  esse  mundo  que  se ia 
desagregando, que um mal oculto o roía, como um tumor 
latente em suas entranhas. 

CARDOSO, L. Crônica da casa assassinada. Rio de Janeiro:  
Civilização Brasileira, 2002 (adaptado). 
","
O  mundo  narrado  nesse  trecho  do  romance  de  Lúcio Cardoso,  acerca  da  vida  dos  Meneses, família  da aristocracia rural de Minas Gerais, apresenta não apenas a história  da  decadência  dessa  família,  mas  é,  ainda,  a representação  literária  de  uma  fase  de  desagregação 
política, social e econômica do país. O recurso expressivo 
que formula literariamente essa desagregação histórica é o 
de descrever a casa dos Meneses como 
",
"O suíço Thomas Davatz chegou a São Paulo em 
1855  para  trabalhar  como  colono  na  fazenda  de  café 
Ibicaba, em Campinas. A perspectiva de prosperidade que 
o atraiu para o Brasil deu lugar a insatisfação e revolta, que 
ele  registrou  em  livro.  Sobre  o  percurso  entre  o  porto  de 
Santos  e  o  planalto  paulista,  escreveu  Davatz:  “As 
estradas do Brasil, salvo em alguns trechos, são péssimas. 
Em  quase toda  parte, falta  qualquer  espécie  de 
calçamento ou mesmo de saibro. Constam apenas de terra 
simples, sem nenhum benefício. É fácil prever que nessas 
estradas  não  se  encontram  estalagens  e  hospedarias 
como as da Europa. Nas cidades maiores, o viajante pode 
naturalmente  encontrar  aposento  sofrível;  nunca,  porém, 
qualquer  coisa  de  comparável  à  comodidade  que 
proporciona  na  Europa  qualquer  estalagem  rural.  Tais cidades são, porém, muito poucas na distância que vai de Santos a Ibicaba e que se percorre em cinquenta horas no mínimo”. 
 
Em 1867 foi inaugurada a ferrovia ligando Santos 
a Jundiaí, o que abreviou o tempo de viagem entre o litoral 
e  o  planalto  para  menos  de  um  dia.  Nos  anos  seguintes, 
foram  construídos  outros ramais ferroviários  que articularam  o  interior  cafeeiro  ao  porto  de  exportação, Santos. 

DAVATZ, T. Memórias de um colono no Brasil. São Paulo:  
Livraria Martins, 1941 (adaptado). 
","
O  impacto  das  ferrovias  na  promoção  de  projetos  de 
colonização  com  base  em imigrantes  europeus foi importante, porque 
",
"Além  dos inúmeros  eletrodomésticos  e  bens eletrônicos,  o  automóvel  produzido  pela  indústria  fordista promoveu, a partir dos anos 50, mudanças significativas no modo de vida dos consumidores e também na habitação e nas  cidades.  Com  a  massificação  do  consumo  dos  bens 
modernos,  dos  eletroeletrônicos  e  também  do  automóvel, mudaram  radicalmente  o  modo  de  vida,  os  valores,  a cultura e o conjunto do ambiente construído. Da ocupação do solo urbano até o interior da moradia, a transformação foi profunda. 

MARICATO, E. Urbanismo na periferia do mundo globalizado: metrópoles brasileiras. Disponível em: http://www.scielo.br.  Acesso em: 12 ago. 2009 (adaptado). 

","
Uma  das  consequências  das  inovações  tecnológicas  das últimas  décadas,  que  determinaram  diferentes  formas  de uso e ocupação do espaço geográfico, é a instituição das chamadas cidades globais, que se caracterizam por 
",
" 
 
Populações inteiras, nas cidades e na zona rural, 
dispõem  da  parafernália  digital  global  como  fonte  de 
educação e de formação cultural. Essa simultaneidade de 
cultura e informação eletrônica com as formas tradicionais 
e  orais  é  um  desafio  que  necessita  ser  discutido.  A 
exposição,  via  mídia  eletrônica,  com  estilos  e  valores 
culturais de outras sociedades, pode inspirar apreço, mas 
também  distorções  e  ressentimentos.  Tanto  quanto  há 
necessidade  de  uma  cultura  tradicional  de  posse  da 
educação  letrada,  também  é  necessário  criar  estratégias 
de  alfabetização  eletrônica,  que  passam  a  ser  o  grande 
canal de informação das culturas segmentadas no interior 
dos grandes centros urbanos e das zonas rurais. Um novo 
modelo de educação. 

BRIGAGÃO, C. E.; RODRIGUES, G. A globalização a olho nu: o 
mundo conectado. São Paulo: Moderna, 1998 (adaptado). 
","
Com  base  no  texto  e  considerando  os  impactos  culturais 
da  difusão  das  tecnologias  de  informação  no  marco  da 
globalização, depreende-se que 
",
"CIATTONI, A. Géographie. L’espace mondial.  
Paris: Hatier, 2008 (adaptado). 
","
A partir do mapa apresentado, é possível inferir que nas 
últimas décadas do século XX, registraram-se processos 
que  resultaram  em  transformações  na  distribuição  das 
atividades econômicas e da população sobre o território 
brasileiro, com reflexos no PIB por habitante. Assim, 
",
"No  período  750-338  a.  C.,  a  Grécia  antiga  era 
composta  por  cidades-Estado,  como  por  exemplo  Atenas, 
Esparta,  Tebas,  que  eram  independentes  umas  das  outras, 
mas  partilhavam  algumas  características  culturais,  como  a 
língua  grega.  No  centro  da  Grécia,  Delfos  era  um  lugar  de 
culto  religioso  frequentado  por  habitantes  de  todas  as 
cidades-Estado. 

No período 1200-1600 d. C., na parte da Amazônia 
brasileira  onde  hoje  está  o  Parque  Nacional  do  Xingu,  há 
vestígios de quinze cidades que eram cercadas por muros de 
madeira  e  que  tinham  até  dois  mil  e  quinhentos  habitantes 
cada  uma.  Essas  cidades  eram  ligadas  por  estradas  a 
centros  cerimoniais  com  grandes  praças.  Em  torno  delas 
havia roças, pomares e tanques para a criação de tartarugas. 
Aparentemente,  epidemias  dizimaram  grande  parte  da 
população que lá vivia. 

Folha de S. Paulo, ago. 2008 (adaptado). 
","
Apesar  das  diferenças  históricas  e  geográficas  existentes 
entre as duas civilizações elas são semelhantes pois 
",
" 
O  movimento  migratório  no  Brasil  é  significativo, 
principalmente em função do volume de pessoas que saem 
de  uma  região  com  destino  a  outras  regiões.  Um  desses 
movimentos  ficou  famoso  nos  anos  80,  quando  muitos 
nordestinos  deixaram  a  região  Nordeste  em  direção  ao 
Sudeste do Brasil. Segundo os dados do IBGE de 2000, este 
processo  continuou  crescente  no  período  seguinte,  os  anos 
90, com um acréscimo de 7,6% nas migrações deste mesmo 
fluxo.  A  Pesquisa  de  Padrão  de  Vida,  feita  pelo  IBGE,  em 
1996,  aponta  que,  entre  os  nordestinos  que  chegam  ao 
Sudeste, 48,6% exercem trabalhos manuais não qualificados, 
18,5%  são  trabalhadores  manuais  qualificados,  enquanto 
13,5%,  embora  não  sejam 
trabalhadores  manuais,  se 
encontram em áreas que não exigem formação profissional. 
O  mesmo  estudo  indica  também  que  esses  migrantes 
possuem,  em  média,  condição  de  vida  e  nível  educacional 
acima  dos  de  seus  conterrâneos  e  abaixo  dos  de  cidadãos 
estáveis do Sudeste. 

Disponível em: http://www.ibge.gov.br. Acesso em: 30 jul. 2009 (adaptado). 
","
Com base nas informações contidas no texto, depreende-se que 
",
" 
Apesar  do  aumento  da  produção  no  campo  e  da 
integração  entre  a  indústria  e  a  agricultura,  parte  da 
população  da  América  do  Sul  ainda  sofre  com  a 
subalimentação,  o  que  gera  conflitos  pela  posse  de  terra 
que  podem  ser  verificados  em  várias  áreas  e  que 
frequentemente chegam a provocar mortes.  
"," 
Um dos fatores que explica a subalimentação na América do Sul é 
",
" 
 
A luta pela terra no Brasil é marcada por diversos 
aspectos  que  chamam  a  atenção.  Entre  os  aspectos 
positivos,  destaca-se  a  perseverança  dos  movimentos  do 
campesinato  e,  entre  os  aspectos  negativos,  a  violência 
que  manchou  de  sangue  essa  história.  Os  movimentos 
pela  reforma  agrária  articularam-se  por  todo  o  território 
nacional, principalmente entre 1985 e 1996, e conseguiram 
de  maneira  expressiva  a inserção  desse tema  nas discussões  pelo  acesso  à terra.  O  mapa  seguinte apresenta a distribuição dos conflitos agrários em todas as regiões  do  Brasil  nesse  período,  e  o  número  de  mortes ocorridas nessas lutas. 


OLIVEIRA, A. U. A longa marcha do campesinato brasileiro: movimentos sociais, conflitos e 
reforma agrária. Revista Estudos Avançados. Vol. 15 n. 43, São Paulo, set./dez. 2001.  

"," 
Com base nas informações do mapa acerca dos conflitos pela posse de terra no Brasil, a região  
",
" 
O gráfico mostra o percentual de áreas ocupadas, segundo o tipo de propriedade rural no Brasil, no ano de 2006. 
  

Área ocupada pelos imóveis rurais 

 
MDA/INCRA (DIEESE, 2006) 
Disponível em: http://www.sober.org.br. Acesso em: 6 ago. 2009. 

 
","
De  acordo  com  o  gráfico  e  com  referência  à  distribuição 
das áreas rurais no Brasil, conclui-se que 
",
"
Entre 2004 e 2008, pelo menos 8 mil brasileiros foram 
libertados  de  fazendas  onde  trabalhavam  como  se  fossem 
escravos. O governo criou uma lista em que ficaram expostos 
os  nomes  dos  fazendeiros  flagrados  pela  fiscalização.  No 
Norte, Nordeste e Centro-Oeste, regiões que mais sofrem com 
a  fraqueza  do  poder  público,  o  bloqueio  dos  canais  de 
financiamento  agrícola  para  tais  fazendeiros  tem  sido  a 
principal arma de combate a esse problema, mas os governos 
ainda  sofrem  com  a  falta  de  informações,  provocada  pelas 
distâncias  e  pelo  poder intimidador  dos  proprietários. 
Organizações não governamentais e grupos como a Pastoral 
da Terra têm agido corajosamente, acionando as autoridades 
públicas  e  ministrando  aulas  sobre  direitos  sociais  e 
trabalhistas. 

“Plano Nacional para Erradicação do Trabalho Escravo”. Disponível em: 
http://www.mte.gov.br. Acesso em: 17 mar. 2009 (adaptado). 
","
Nos  lugares  mencionados  no  texto,  o  papel  dos  grupos  de 
defesa  dos  direitos  humanos  tem  sido  fundamental,  porque 
eles 
",
" 
O  homem  construiu  sua  história  por  meio  do 
constante  processo  de  ocupação  e  transformação  do 
espaço  natural.  Na  verdade,  o  que  variou,  nos  diversos 
momentos da experiência humana, foi a intensidade dessa 
exploração. 

Disponível em: http://www.simposioreformaagraria.propp.ufu.br.  
Acesso em: 09 jul. 2009 (adaptado). 
","
Uma  das  consequências  que  pode  ser  atribuída  à crescente intensificação  da  exploração  de recursos naturais,  facilitada  pelo  desenvolvimento  tecnológico  ao longo da história, é 
",
" 
No presente, observa-se crescente atenção aos efeitos da 
atividade  humana,  em  diferentes  áreas,  sobre  o  meio 
ambiente,  sendo  constante,  nos  fóruns  internacionais  e 
nas  instâncias  nacionais,  a  referência  à  sustentabilidade 
como princípio orientador de ações e propostas que deles emanam.
","
A sustentabilidade explica-se pela 
",
"
Com  a  perspectiva  do  desaparecimento  das geleiras  no  Polo  Norte,  grandes  reservas  de  petróleo  e minérios,  hoje  inacessíveis,  poderão  ser  exploradas.  E  já atiçam a cobiça das potências. 

KOPP, D. Guerra Fria sobre o Ártico. Le monde diplomatique Brasil.  
Setembro, n. 2, 2007 (adaptado). 
","
No cenário de que trata o texto, a exploração de jazidas de 
petróleo,  bem  como  de  minérios  –  diamante,  ouro,  prata, 
cobre,  chumbo,  zinco  –  torna-se  atraente  não  só  em 
função de seu formidável potencial, mas também por 
",
" 
No mundo contemporâneo, as reservas energéticas tornam-se estratégicas para muitos países no cenário internacional. Os gráficos  apresentados  mostram  os  dez  países  com  as  maiores  reservas  de  petróleo  e  gás  natural  em  reservas comprovadas até janeiro de 2008. 
 
Disponível em: http://indexmundi.com. Acesso em: 12 ago. 2009 (adaptado). 
","
As reservas venezuelanas figuram em ambas as classificações porque 
",
"
BETHEL, L. História da América. V. I. São Paulo: Edusp, 1997.  
","
As terras brasileiras foram divididas por meio de tratados entre Portugal  e  Espanha.  De  acordo  com  esses tratados, identificados no mapa, conclui-se que 
",
" 
O clima é um dos elementos fundamentais não só 
na caracterização das paisagens naturais, mas também no 
histórico de ocupação do espaço geográfico.  
","
Tendo  em  vista  determinada  restrição  climática,  a  figura 
que  representa  o  uso  de  tecnologia  voltada  para  a 
produção é: 
",
"

Disponível em: http://clickdigitalsj.com.br. Acesso em: 9 jul. 2009. 

;
 
Disponível em: http://conexaoambiental.zip.net/images/ 
charge.jpg. Acesso em: 9 jul. 2009. 
","
Reunindo-se  as  informações  contidas  nas  duas  charges, 
infere-se que 
",
" 
Na figura, observa-se uma classificação de regiões da América do Sul segundo o grau de aridez verificado. 
 
Disponível em: http:// www.mutirao.com.br.  
Acesso em: 5 ago. 2009. 
"," 
Em relação às regiões marcadas na figura, observa-se que 
",
" 
À medida que a demanda por água aumenta, as reservas 
desse  recurso  vão  se  tornando  imprevisíveis.  Modelos 
matemáticos  que  analisam  os  efeitos  das  mudanças 
climáticas  sobre  a  disponibilidade  de  água  no  futuro 
indicam  que  haverá  escassez  em  muitas  regiões  do 
planeta.  
","
São  esperadas  mudanças  nos  padrões  de precipitação, pois 
",
" 
A  mais  profunda  objeção  que  se  faz  à  ideia  da 
criação  de  uma  cidade,  como  Brasília,  é  que  o  seu 
desenvolvimento  não  poderá  jamais  ser  natural.  É  uma 
objeção  muito  séria,  pois  provém  de  uma  concepção  de 
vida fundamental: a de que a atividade social e cultural não 
pode  ser  uma  construção.  Esquecem-se,  porém,  aqueles 
que fazem tal crítica, que o Brasil, como praticamente toda 
a América, é criação do homem ocidental. 

PEDROSA, M. Utopia: obra de arte. Vis – Revista do Programa de  
Pós-graduação em Arte (UnB), Vol. 5, n. 1, 2006 (adaptado). 
","
As ideias apontadas no texto estão em oposição, porque 
",
" 
As  áreas  do  planalto  do  cerrado  –  como  a chapada dos Guimarães, a serra de Tapirapuã e a serra dos  Parecis,  no  Mato  Grosso,  com  altitudes  que  variam de  400  m  a  800  m  –  são  importantes  para  a  planície pantaneira mato-grossense (com altitude média inferior a 200 m), no que se refere à manutenção do nível de água, sobretudo durante a estiagem. Nas cheias, a inundação ocorre  em  função  da  alta  pluviosidade  nas  cabeceiras dos  rios,  do  afloramento  de  lençóis  freáticos  e  da  baixa declividade  do  relevo,  entre  outros  fatores.  Durante  a estiagem,  a  grande  biodiversidade  é  assegurada  pelas 
águas  da  calha  dos  principais  rios,  cujo  volume  tem diminuído, principalmente nas cabeceiras. 

Cabeceiras ameaçadas. Ciência Hoje. Rio de Janeiro: SBPC. Vol. 42, jun. 2008 (adaptado). 
","
A  medida  mais  eficaz  a  ser tomada,  visando  à conservação  da  planície  pantaneira  e  à  preservação  de sua  grande  biodiversidade,  é  a  conscientização  da sociedade  e  a  organização  de  movimentos  sociais  que exijam  
",
