id,area,year,context,response_gpt,response_llama
91,CIÊNCIAS DA NATUREZA E SUAS TECNOLOGIAS,2017,"
Um  fato  corriqueiro  ao  se  cozinhar  arroz  é  o 
derramamento  de  parte  da  água  de  cozimento  sobre  a 
chama azul do fogo, mudando-a para uma chama amarela. 
Essa  mudança  de  cor  pode  suscitar  interpretações 
diversas, relacionadas às substâncias presentes na água 
de  cozimento. Além  do  sal  de  cozinha  (NaCl),  nela  se 
encontram carboidratos, proteínas e sais minerais.
",,"{
    ""perguntas"": [
        {
            ""pergunta"": ""Qual é a substância presentes na água de cozimento que provoca a mudança de cor da chama?"",
            ""bloom_level"": ""Remember"",
            ""difficult_level"": ""Beginner"",
            ""options"": [
                {""A"": ""Sais minerais"", ""B"": ""Proteínas"", ""C"": ""Carboidratos"", ""D"": ""Sal de cozinha (NaCl)"", ""E"": ""Água pura""}
            ],
            ""correct_answer"": [{""D"": ""Sal de cozinha (NaCl)""}]
        },
        {
            ""pergunta"": ""Quais substâncias, além do sal de cozinha, estão presentes na água de cozimento?"",
            ""bloom_level"": ""Understand"",
            ""difficult_level"": ""Intermediate"",
            ""options"": [
                {""A"": ""Somente carboidratos e proteínas"", ""B"": ""Somente sais minerais e carboidratos"", ""C"": ""Carboidratos, proteínas e sais minerais"", ""D"": ""Somente proteínas e sais minerais"", ""E"": ""Nenhuma outra substância""}
            ],
            ""correct_answer"": [{""C"": ""Carboidratos, proteínas e sais minerais""}]
        },
        {
            ""pergunta"": ""Qual é a razão pela qual a água de cozimento mudou a cor da chama?"",
            ""bloom_level"": ""Apply"",
            ""difficult_level"": ""Intermediate"",
            ""options"": [
                {""A"": ""Devido à presença de sais minerais"", ""B"": ""Devido à presença de carboidratos"", ""C"": ""Devido à reação química entre as substâncias presentes na água e o fogo"", ""D"": ""Devido à temperatura da água"", ""E"": ""Devido à luz solar""}
            ],
            ""correct_answer"": [{""C"": ""Devido à reação química entre as substâncias presentes na água e o fogo""}]
        },
        {
            ""pergunta"": ""Quais são as implicações da presença de carboidratos na água de cozimento?"",
            ""bloom_level"": ""Analyze"",
            ""difficult_level"": ""Advanced"",
            ""options"": [
                {""A"": ""Aumentam a temperatura da água"", ""B"": ""Diminuem a temperatura da água"", ""C"": ""Nenhuma influência na temperatura da água"", ""D"": ""Aumentam a cor da chama"", ""E"": ""Diminuem a cor da chama""}
            ],
            ""correct_answer"": [{""C"": ""Nenhuma influência na temperatura da água""}]
        },
        {
            ""pergunta"": ""Qual é a importância da observação da mudança de cor da chama ao cozinhar arroz?"",
            ""bloom_level"": ""Evaluate"",
            ""difficult_level"": ""Advanced"",
            ""options"": [
                {""A"": ""Para determinar a qualidade do arroz"", ""B"": ""Para controlar a temperatura da água"", ""C"": ""Para identificar a presença de substâncias químicas"", ""D"": ""Para melhorar a apresentação do prato"", ""E"": ""Para verificar a pressão do fogo""}
            ],
            ""correct_answer"": [{""C"": ""Para identificar a presença de substâncias químicas""}]
        }
    ]
}"
